trial_number,trial_id,state,obj_accuracy_min,obj_inference_ms,obj_model_params,accuracy,val_accuracy,test_accuracy,noisy_accuracy,inference_ms,model_params,n_conv_layers,conv_channels_l1,n_fc_layers,hidden_units_l1,input_resolution,dropout,learning_rate,batch_size,epochs,optimizer,hidden_units_l2,conv_channels_l2
7,trial_0007,TrialState.COMPLETE,0.1304999999999999,0.2339032171875033,470122.0,0.8695,0.8695,0.8542,0.7722,0.2339032171875033,470122,1,8,2,256,28,0.0453894084962356,0.0023221196721347,32,5,adam,256.0,
29,trial_0029,TrialState.COMPLETE,0.648,0.1397733183593708,179474.0,0.352,0.352,0.35,0.3126,0.1397733183593708,179474,2,48,2,128,28,0.3154388844898123,0.0001675105592872,128,2,sgd,128.0,24.0
37,trial_0037,TrialState.COMPLETE,0.312,0.2085625437500127,14274.0,0.688,0.688,0.6872,0.6756,0.2085625437500127,14274,2,16,1,32,28,0.2952134465705482,0.0001325267879951,32,3,sgd,,8.0
5,trial_0005,TrialState.COMPLETE,0.164,0.1448205914062583,301994.0,0.836,0.836,0.8186,0.806,0.1448205914062583,301994,1,48,1,32,28,0.1292811728083021,0.0005838706626832,128,5,sgd,,
